ebd26c748043c,pfx_water_runoff
260bcc7b0e8e79,zmb_pap_plinth_symbol_explode
b21b84dab56297,amb_water_drip
b25322abf4095a,pfx_spark_shower_shrt
efb5311d559eb2,pfx_quad_spark_shower_shrt
ff73c35530b978,amb_beetle_flyby
114534806e65377,pfx_spark_pop
12ef6eb9fc82e56,pfx_quad_spark_shower_lng
1cfccc8ada14c68,pfx_spark_bounce
1f01abbd7a5c6f5,wpn_rgun_exp
22d94c02045aa46,fly_emote_money
236401f4f38db33,zmb_blundergat_fire_loop
26e7fe86012bc14,zmb_ghost_seagull_vanish
294899835f15385,wpn_lightning_gun_electrocuted_burst
29b696e1b016da9,dst_spark_sml
2d502dd669e5d70,zmb_ghoul_spawn
2f7170122f3c95e,amb_power_loop_arc_2
33b9532cf0da169,amb_flies
33bcc488ff36c4f,pfx_spark_lrg
3401d4bc9433875,pfx_quad_spark_generic
39be9e4c7abb938,amb_wind_gust
3ead103d7e45286,pfx_blood_torso_explo_lg_os_zmb
47fbe348869aaa7,wpn_rocket_explode
4a0dc115c0e15fa,pfx_dirt_impact
4b1e982689f19c9,pfx_t8_spark_med
4c55a442909d57d,pfx_spark_generic
4ea590ad951c9cf,zmb_ghost_death
5037b4727f99cdb,pfx_flies
52d1dbd064586d1,pfx_dirt_fall
5f24e989cf891b3,dst_spark_bounce
6472cc54dd78903,amb_mosquito
68660351f4bd597,wpn_grenade_explode
68c7e7592bb887d,pfx_spark_bounce_blue
6de2cee2f66a6b0,dst_spark_xlrg
77306bb1c5f2b37,pfx_water_drip_hit
7832d8232b4b9d1,wpn_spectral_key_charging
7a76cb127b6a0f1,zmb_ai_catalyst_corrosive_death
7adb9a4e334b389,zmb_zombie_spawn
7cb2ddc3f730d3d,pfx_water_drip
7dbff5069e7e449,amb_thunder_strike
839d08fa3b89f16,zmb_ghost_seagull_spawn
83fa9c204fffef2,amb_paper_rustle
95002022017d7c2,amb_fireworks
accd04815649710,pfx_spark_sml
b35ae6cd1fcc011,prj_energy_bolt_fx
c168aecf8c96372,zmb_ghoul_vanish
c5df394d8a57ebe,wpn_semtex_beep
c6bc6f97ee1a548,amb_roach_skitter
cf9664d9072e692,pfx_steam_hiss
d3ccfc2be063ea9,pfx_fire_sml
dadd9af1b59c7de,dst_electronics_elc_sm
dfd4690ebab105c,pfx_snow_impact
